{
  "surface_area_by_group": {
    "trench_bottom": 53.20937308936425,
    "trench_cap_for_volume": 61.10535786473372,
    "trench_walls": 73.07055073031871,
    "ground_surface": 571.2848790415146,
    "pipe0_pipe_side": 6.90745504769378,
    "pipe0_pipe_cap_neg": 0.10171494665214975,
    "pipe0_pipe_cap_pos": 0.10171494706638103,
    "pipe1_pipe_side": 4.261533888433785,
    "pipe1_pipe_cap_neg": 0.06153126413124749,
    "pipe1_pipe_cap_pos": 0.06153126416703536,
    "sphere0": 1.53629132028894
  },
  "closed_surface_sets": {
    "trench_closed_groups": [
      "trench_walls",
      "trench_bottom",
      "trench_cap_for_volume"
    ]
  },
  "volumes": {
    "trench_from_surface": -29.549085746556727,
    "trench_flux_integral_div1": -29.549085746556727
  },
  "footprint_area_top": 61.10535786473372,
  "footprint_area_bottom": 53.20937308936425,
  "width_top": 2.6,
  "width_bottom": 2.2640000000000002,
  "noise": {
    "enable": true,
    "amplitude": 0.035,
    "corr_length": 0.5,
    "octaves": 4,
    "gain": 0.55,
    "seed": 29,
    "apply_to": [
      "trench_walls",
      "trench_bottom",
      "pipe*_pipe_side"
    ]
  }
}